id,relativePathAndFileName,status,siteIdCodes,systemWhenCreated,systemWhoCreated
7065,customImages/gefeg/gefegLogo.png,confirmed,gf,2019-02-12 16:56:49,dev
9132,customImages/gefeg/quarterReportIcon1.png,confirmed,gf,2019-02-12 17:01:00,dev
9142,.vscode/launch.json,confirmed,dev,2019-02-12 17:00:51,dev
10573,data/showcases/showcaseReadXml.xml,confirmed,core,2019-02-12 21:23:31,dev
10583,dev/javascript_from_dpp.txt,confirmed,dev,2019-02-12 21:23:41,dev
10861,dev/snippets_javascript.json,confirmed,dev,2019-02-12 21:25:56,dev
10871,examples/learnBits/dataIncludes.htm,confirmed,dev,2019-02-12 21:26:43,dev
10872,examples/learnBits/dataBootStrap.htm,confirmed,dev,2019-02-12 21:26:37,dev
10874,examples/learnBits/dataWfcQuestion.htm,confirmed,dev,2019-02-12 21:26:48,dev
10875,fonts/Roboto-BoldItalic.ttf,confirmed,core,2019-02-12 21:26:59,dev
10876,fonts/Roboto-Italic.ttf,confirmed,core,2019-02-12 21:27:01,dev
10877,fonts/Roboto-Regular.ttf,confirmed,core,2019-02-12 21:27:02,dev
10878,dev/todo.txt,confirmed,dev,2019-02-12 21:26:13,dev
10879,less/systemCss/system_layout_plain.less,confirmed,core,2019-02-12 21:27:12,dev
10880,less/systemCss/system_layout_bootstrap.less,confirmed,core,2019-02-12 21:27:11,dev
10881,less-watch-compiler.config.json,confirmed,core,2019-02-12 21:27:07,dev
10882,package-lock.json,confirmed,core,2019-02-12 21:32:40,dev
10883,less/systemCss/system_main.less,confirmed,core,2019-02-12 21:27:20,dev
10884,examples/learnBits/dataWfc.htm,confirmed,dev,2019-02-12 21:26:47,dev
10886,package.json,confirmed,core,2019-02-12 21:32:59,dev
10936,public/output/portalQuarterReport.pdf,confirmed,ignore,2019-02-12 21:33:48,dev
10938,public/output/showcasePdfReport.pdf,confirmed,ignore,2019-02-12 21:34:38,dev
10940,public/systemCss/system_layout_bootstrap.css,confirmed,core,2019-02-12 21:34:51,dev
10941,public/systemCss/system_layout_plain.css,confirmed,core,2019-02-12 21:34:54,dev
10942,public/systemImages/enhancedDropdown.png,confirmed,core,2019-02-12 21:35:31,dev
10943,public/systemCss/system_main.css,confirmed,core,2019-02-12 21:34:56,dev
10944,public/systemJavaScript/qtools.js,confirmed,core,2019-02-12 21:35:34,dev
10945,qtools/qarr.js,confirmed,core,2019-02-12 21:35:37,dev
10946,qtools/qdbs.js,confirmed,core,2019-02-12 21:35:38,dev
10947,qtools/qdat.js,confirmed,core,2019-02-12 21:35:37,dev
10948,qtools/qdev.js,confirmed,core,2019-02-12 21:35:38,dev
10949,qtools/qfil.js,confirmed,core,2019-02-12 21:35:39,dev
10950,qtools/qsys.js,confirmed,core,2019-02-12 21:35:41,dev
10951,public/output/showcaseCreatePdfTest.pdf,confirmed,ignore,2019-02-12 21:34:35,dev
10952,system/system.js,confirmed,core,2019-02-12 21:35:54,dev
10953,qtools/qstr.js,confirmed,core,2019-02-12 21:35:40,dev
10954,system/config.js,confirmed,core,2019-02-12 21:35:50,dev
10960,server.js,confirmed,core,2019-02-12 21:35:46,dev
10975,qtools/qmat.js,confirmed,core,2019-02-12 21:35:39,dev
11126,examples/learnBits/test.htm,confirmed,dev,2019-02-12 21:26:50,dev
11127,fonts/Roboto-Bold.ttf,confirmed,core,2019-02-12 21:26:59,dev
11128,examples/learnBits/test.js,confirmed,dev,2019-02-12 21:26:52,dev
11298,systemBuilders/pageBuilderSqlStatement.js,confirmed,core,2019-02-12 21:47:15,dev
11299,systemBuilders/pageBuilderCustomForm.js,confirmed,core,2019-02-12 21:47:12,dev
11300,systemBuilders/pageBuilderDisplayXmlFile.js,confirmed,core,2019-02-12 21:47:14,dev
11301,systemBuilders/pageBuilderEditItem.js,confirmed,core,2019-02-12 21:47:14,dev
11302,systemClasses/batchImporter.js,confirmed,core,2019-02-12 21:47:15,dev
11303,systemClasses/dpdata.js,confirmed,core,2019-02-12 21:47:16,dev
11304,systemClasses/choice.js,confirmed,core,2019-02-12 21:47:16,dev
11305,systemClasses/dpDataLoader.js,confirmed,core,2019-02-12 21:47:17,dev
11306,systemClasses/dpRequestExecuteSql.js,confirmed,core,2019-02-12 21:47:17,dev
11308,systemBuilders/pageBuilderTextParser.js,confirmed,core,2019-02-12 21:47:15,dev
11309,systemClasses/dpRequestGetRecords.js,confirmed,core,2019-02-12 21:47:18,dev
11310,systemClasses/dpRequest.js,confirmed,core,2019-02-12 21:47:17,dev
11311,systemClasses/dpFileSystem.js,confirmed,core,2019-02-12 21:47:17,dev
11312,systemClasses/dpRequestGetSearch.js,confirmed,core,2019-02-12 21:47:18,dev
11313,systemClasses/dynamicFile.js,confirmed,core,2019-02-12 21:47:18,dev
11314,systemClasses/dqlDataLoader.js,confirmed,core,2019-02-12 21:47:18,dev
11315,systemClasses/dynamicFileCodeAreaCodeChunk.js,confirmed,core,2019-02-12 21:47:19,dev
11316,systemClasses/dynamicFileCodeArea.js,confirmed,core,2019-02-12 21:47:18,dev
11317,systemClasses/dynamicPageFile.js,confirmed,core,2019-02-12 21:47:19,dev
11318,systemClasses/loadDqlStatementParser.js,confirmed,core,2019-02-12 21:47:19,dev
11319,systemClasses/pdfDocumentWithTables.js,confirmed,core,2019-02-12 21:47:19,dev
11321,systemClasses/showcaseDataAccessManager.js,confirmed,core,2019-02-12 21:47:20,dev
11322,systemClasses/smartEntityType.js,confirmed,core,2019-02-12 21:47:24,dev
11323,systemClasses/smartItemType.js,confirmed,core,2019-02-12 21:47:25,dev
11324,systemClasses/smartText.js,confirmed,core,2019-02-12 21:47:25,dev
11325,systemClasses/dpRequestGetRecord.js,confirmed,core,2019-02-12 21:47:17,dev
11326,systemClasses/smartFormType.js,confirmed,core,2019-02-12 21:47:24,dev
11327,systemClasses/sqlSearchStatementBuilder.js,confirmed,core,2019-02-12 21:47:25,dev
11328,systemControllers/controller.js,confirmed,core,2019-02-12 21:47:28,dev
11329,systemControllers/controllerCreateClass.js,confirmed,core,2019-02-12 21:47:36,dev
11330,systemControllers/controllerBatchImport.js,confirmed,core,2019-02-12 21:47:29,dev
11331,systemClasses/unitTester.js,confirmed,core,2019-02-12 21:47:25,dev
11332,systemControllers/controllerCreateItemType.js,confirmed,core,2019-02-12 21:47:36,dev
11333,systemControllers/controllerDeletePage.js,confirmed,core,2019-02-12 21:47:38,dev
11334,systemControllers/controllerLogin.js,confirmed,core,2019-02-12 21:47:41,dev
11335,systemControllers/controllerDeleteItemType.js,confirmed,core,2019-02-12 21:47:37,dev
11336,systemControllers/controllerCreatePageBuilder.js,confirmed,core,2019-02-12 21:47:37,dev
11338,systemControllers/controllerLogout.js,confirmed,core,2019-02-12 21:47:41,dev
11339,systemControllers/controllerManageItemTypes.js,confirmed,core,2019-02-12 21:47:47,dev
11340,systemControllers/controllerCreatePage.js,confirmed,core,2019-02-12 21:47:36,dev
11341,systemControllers/controllerManageApplicationFiles.js,confirmed,core,2019-02-12 21:47:46,dev
11347,systemControllers/controllerQuarterReport.js,confirmed,core,2019-02-12 21:48:07,dev
11348,systemControllers/controllerShowcaseDisplayDataFromSqlStatement.js,confirmed,core,2019-02-12 21:48:11,dev
11349,systemControllers/controllerShowcaseCreatePdf.js,confirmed,core,2019-02-12 21:48:08,dev
11350,systemControllers/controllerShowcaseCreatePdfReport.js,confirmed,core,2019-02-12 21:48:10,dev
11351,systemControllers/controllerShowcaseCreateShowcaseBook.js,confirmed,core,2019-02-12 21:48:11,dev
11352,systemControllers/controllerShowcaseDpDataLoader.js,confirmed,core,2019-02-12 21:48:13,dev
11353,systemControllers/controllerShowcaseParseItemTypeDefinitionBlock.js,confirmed,core,2019-02-12 21:48:15,dev
11354,systemControllers/controllerShowcaseFormCodeBlocks.js,confirmed,core,2019-02-12 21:48:14,dev
11355,systemControllers/controllerShowcaseJavaScriptSorting.js,confirmed,core,2019-02-12 21:48:14,dev
11356,systemControllers/controllerShowcaseReadXmlFile.js,confirmed,core,2019-02-12 21:48:16,dev
11357,systemControllers/controllerThirdPartyTools3.js,confirmed,core,2019-02-12 21:48:23,dev
11358,systemDataTypes/dataType.js,confirmed,core,2019-02-12 21:48:28,dev
11359,systemControllers/controllerShowcaseTextParser.js,confirmed,core,2019-02-12 21:48:16,dev
11360,systemDataTypes/dataTypeChoice.js,confirmed,core,2019-02-12 21:48:28,dev
11361,systemControllers/controllerThirdPartyTools4.js,confirmed,core,2019-02-12 21:48:26,dev
11362,systemDataTypes/dataTypeId.js,confirmed,core,2019-02-12 21:48:28,dev
11363,systemDataTypes/dataTypeIdCode.js,confirmed,core,2019-02-12 21:48:29,dev
11364,systemDataTypes/dataTypeDateTime.js,confirmed,core,2019-02-12 21:48:28,dev
11365,systemControllers/controllerShowcaseFormToEditDatabase.js,confirmed,core,2019-02-12 21:48:14,dev
11366,systemDataTypes/dataTypeLine.js,confirmed,core,2019-02-12 21:48:29,dev
11367,systemDataTypes/dataTypeList.js,confirmed,core,2019-02-12 21:48:29,dev
11368,systemDataTypes/dataTypeParagraph.js,confirmed,core,2019-02-12 21:48:30,dev
11369,systemDataTypes/dataTypeNumberOfBookPages.js,confirmed,core,2019-02-12 21:48:29,dev
11370,systemDataTypes/dataTypeSystemWhoCreated.js,confirmed,core,2019-02-12 21:48:30,dev
11371,systemDataTypes/dataTypeSystemWhenCreated.js,confirmed,core,2019-02-12 21:48:30,dev
11372,systemFactories/controllerFactory.js,confirmed,core,2019-02-12 21:48:36,dev
11373,systemFileTemplates/fileTemplate_newClass.txt,confirmed,core,2019-02-12 21:48:39,dev
11374,systemFileTemplates/fileTemplate_newClassItemTypeSingular.txt,confirmed,core,2019-02-12 21:48:40,dev
11375,systemFileTemplates/fileTemplate_newClassItemTypePlural.txt,confirmed,core,2019-02-12 21:48:39,dev
11376,systemDataTypes/dataTypeWholeNumber.js,confirmed,core,2019-02-12 21:48:31,dev
11377,systemFileTemplates/fileTemplate_newControllerDisplayXmlFile.txt,confirmed,core,2019-02-12 21:48:40,dev
11378,systemFileTemplates/fileTemplate_newControllerCustomForm.txt,confirmed,core,2019-02-12 21:48:40,dev
11379,systemFileTemplates/fileTemplate_newControllerItemTypeManager.txt,confirmed,core,2019-02-12 21:48:41,dev
11380,systemFileTemplates/fileTemplate_newControllerTextParser.txt,confirmed,core,2019-02-12 21:48:41,dev
11381,systemControllers/controllerShowcaseFormAndAjaxControls.js,confirmed,core,2019-02-12 21:48:13,dev
11382,systemFileTemplates/fileTemplate_newControllerSqlStatement.txt,confirmed,core,2019-02-12 21:48:41,dev
11383,systemFileTemplates/fileTemplate_newPageCustomForm.txt,confirmed,core,2019-02-12 21:48:41,dev
11384,systemFileTemplates/fileTemplate_newPageEditItem.txt,confirmed,core,2019-02-12 21:48:42,dev
11385,systemFileTemplates/fileTemplate_newPageDisplayXmlFile.txt,confirmed,core,2019-02-12 21:48:42,dev
11386,systemFileTemplates/fileTemplate_newPageItemTypeManager.txt,confirmed,core,2019-02-12 21:48:42,dev
11387,systemFileTemplates/fileTemplate_newPageTextParser.txt,confirmed,core,2019-02-13 04:55:24,dev
11388,systemFileTemplates/fileTemplate_newPageSqlStatement.txt,confirmed,core,2019-02-12 21:48:43,dev
11389,systemItems/applicationFile.js,confirmed,core,2019-02-13 04:55:34,dev
11392,systemItems/applicationFiles.js,confirmed,core,2019-02-13 04:55:34,dev
11394,systemItems/items.js,confirmed,core,2019-02-13 04:56:02,dev
11395,systemItems/itemType.js,confirmed,core,2019-02-13 04:56:03,dev
11396,systemItems/pageItems.js,confirmed,core,2019-02-13 04:56:12,dev
11397,systemItems/itemTypes.js,confirmed,core,2019-02-13 04:56:04,dev
11398,systemItems/pageItem.js,confirmed,core,2019-02-13 04:56:08,dev
11399,systemItems/showcaseBook.js,confirmed,core,2019-02-13 04:56:20,dev
11400,systemItems/showcaseBooks.js,confirmed,core,2019-02-13 04:56:21,dev
11404,systemFileTemplates/fileTemplate_newControllerEditItem.txt,confirmed,core,2019-02-12 21:48:40,dev
11410,systemItems/users.js,confirmed,core,2019-02-13 04:58:03,dev
11411,systemItems/user.js,confirmed,core,2019-02-13 04:58:01,dev
11412,systemJavaScript/jkl-parsexml.js,confirmed,dev,2019-02-13 04:58:16,dev
11413,systemLayouts/systemLayout_plain_footer.ejs,confirmed,dev,2019-02-13 04:58:25,dev
11414,systemLayouts/systemLayout_bootstrap_header.ejs,confirmed,core,2019-02-13 04:58:22,dev
11415,systemPages/batchImport.ejs,confirmed,core,2019-02-13 04:58:37,dev
11416,systemPages/createClass.ejs,confirmed,core,2019-02-13 04:58:39,dev
11417,systemLayouts/systemLayout_plain_header.ejs,confirmed,dev,2019-02-13 04:58:28,dev
11418,systemPages/createPage.ejs,confirmed,core,2019-02-13 04:58:40,dev
11419,systemPages/createPageBuilder.ejs,confirmed,core,2019-02-13 04:58:41,dev
11420,systemPages/deleteItemType.ejs,confirmed,core,2019-02-13 04:58:42,dev
11421,systemPages/deletePage.ejs,confirmed,core,2019-02-13 04:58:42,dev
11422,systemPages/home.ejs,confirmed,core,2019-02-13 04:58:46,dev
11423,systemLayouts/systemLayout_bootstrap_footer.ejs,confirmed,core,2019-02-13 04:58:21,dev
11427,systemPages/manageApplicationFiles.ejs,confirmed,core,2019-02-13 04:59:08,dev
11428,systemPages/logout.ejs,confirmed,core,2019-02-13 04:59:04,dev
11429,systemPages/createItemType.ejs,confirmed,core,2019-02-13 04:58:40,dev
11431,systemPages/manageItemTypes.ejs,confirmed,core,2019-02-13 04:59:09,dev
11434,systemPages/quarterReport.ejs,confirmed,gf,2019-02-13 04:59:31,dev
11435,systemPages/showcaseBootbox.ejs,confirmed,core,2019-02-13 05:01:38,dev
11436,systemPages/showcaseBaseTechnologies.ejs,confirmed,core,2019-02-13 05:01:37,dev
11437,systemPages/showcaseCreatePdfReport.ejs,confirmed,core,2019-02-13 05:01:40,dev
11438,systemPages/showcaseCreatePdf.ejs,confirmed,core,2019-02-13 05:01:39,dev
11439,systemPages/login.ejs,confirmed,core,2019-02-13 04:59:03,dev
11440,systemPages/showcaseDataLoading.ejs,confirmed,core,2019-02-13 05:01:41,dev
11441,systemPages/showcaseDpDataLoader.ejs,confirmed,core,2019-02-13 05:01:42,dev
11442,systemPages/showcaseCreateShowcaseBook.ejs,confirmed,core,2019-02-13 05:01:41,dev
11443,systemPages/showcaseDisplayDataFromSqlStatement.ejs,confirmed,core,2019-02-13 05:01:42,dev
11444,systemPages/showcaseFormAndAjaxControls.ejs,confirmed,core,2019-02-13 05:01:42,dev
11445,systemPages/showcaseFormCodeBlocks.ejs,confirmed,core,2019-02-13 05:01:42,dev
11446,systemPages/showcaseFormToEditDatabase.ejs,confirmed,core,2019-02-13 05:01:43,dev
11447,systemPages/showcaseJavaScriptSorting.ejs,confirmed,core,2019-02-13 05:01:44,dev
11448,systemPages/showcaseParseItemTypeDefinitionBlock.ejs,confirmed,core,2019-02-13 05:01:44,dev
11449,systemPages/showcaseReadXmlFile.ejs,confirmed,core,2019-02-13 05:01:46,dev
11450,systemPages/thirdPartyTools4.ejs,confirmed,gf,2019-02-13 05:01:56,dev
11452,systemPages/thirdPartyTools3.ejs,confirmed,gf,2019-02-13 05:01:53,dev
11453,systemPages/showcaseTextParser.ejs,confirmed,core,2019-02-13 05:01:48,dev
11454,systemPartials/systemDeveloperPanel.ejs,confirmed,core,2019-02-13 05:02:39,dev
11455,systemPartials/systemLoadExtensions.ejs,confirmed,core,2019-02-13 05:02:45,dev
11457,systemPartials/systemMenuUlLi.ejs,confirmed,core,2019-02-13 05:02:51,dev
11458,systemPartials/systemMainExtensions.ejs,confirmed,core,2019-02-13 05:02:47,dev
11459,systemTextParsers/textParser.js,confirmed,core,2019-02-13 05:03:17,dev
11460,unitTestData/testFile.txt,confirmed,dev,2019-02-13 05:03:28,dev
11461,systemTextParsers/outlineTextParser.js,confirmed,core,2019-02-13 05:03:16,dev
11462,systemTextParsers/textParserLine.js,confirmed,core,2019-02-13 05:03:20,dev
11463,unitTestData/unitTest_config.js,confirmed,core,2019-02-13 05:03:38,dev
11602,public/output/portalQuarterReport_German.pdf,confirmed,ignore,2019-02-22 13:06:57,dev
11605,public/output/portalQuarterReport_English.pdf,confirmed,ignore,2019-02-22 13:06:57,dev
11607,systemBuilders/classBuilder.js,confirmed,core,2019-02-22 13:06:57,dev
11608,systemBuilders/pageBuilder.js,confirmed,core,2019-02-22 13:06:57,dev
11609,systemItems/item.js,confirmed,core,2019-02-22 13:06:57,dev
11610,systemBuilders/textFileBuilder.js,confirmed,core,2019-02-22 13:06:57,dev
11623,systemSiteGenerators/siteGenerator.js,confirmed,core,2019-02-22 15:25:30,dev
11628,systemSiteGenerators/siteGeneratorDpnVersion.js,confirmed,dev,2019-02-22 16:13:34,dev
11638,public/customImages/gfhowtos/addTreeTable.png,confirmed,gf,2019-02-26 14:07:51,dev
11641,public/customImages/gfhowtos/apacheRestartButton.png,confirmed,gf,2019-02-26 14:07:51,dev
11642,public/customImages/gfhowtos/certficiateScreen1.png,confirmed,gf,2019-02-26 14:07:51,dev
11643,public/customImages/gfhowtos/certificate3FileName.png,confirmed,gf,2019-02-26 14:07:51,dev
11644,public/customImages/gfhowtos/ciphersAndKeyExchanges.png,confirmed,gf,2019-02-26 14:07:51,dev
11645,public/customImages/gfhowtos/clickOnBindungen.png,confirmed,gf,2019-02-26 14:07:51,dev
11646,public/customImages/gfhowtos/choseCertificateJust.png,confirmed,gf,2019-02-26 14:07:51,dev
11647,public/customImages/gfhowtos/clickOnListen.png,confirmed,gf,2019-02-26 14:07:51,dev
11648,public/customImages/gfhowtos/clickProjects.png,confirmed,gf,2019-02-26 14:07:51,dev
11649,public/customImages/gfhowtos/clickValidationEye.png,confirmed,gf,2019-02-26 14:07:51,dev
11650,public/customImages/gfhowtos/contentSecurityFix.png,confirmed,gf,2019-02-26 14:07:51,dev
11651,public/customImages/gfhowtos/createProjectPage1.png,confirmed,gf,2019-02-26 14:07:51,dev
11652,public/customImages/gfhowtos/contentSecurityPolicy.png,confirmed,gf,2019-02-26 14:07:51,dev
11653,public/customImages/gfhowtos/downloadTheCertficate.png,confirmed,gf,2019-02-26 14:07:51,dev
11654,public/customImages/gfhowtos/findAndSelectFile.png,confirmed,gf,2019-02-26 14:07:51,dev
11655,public/customImages/gfhowtos/errorStrictTransport.png,confirmed,gf,2019-02-26 14:07:51,dev
11656,public/customImages/gfhowtos/fixXcontent.png,confirmed,gf,2019-02-26 14:07:51,dev
11657,public/customImages/gfhowtos/getCertificate.png,confirmed,gf,2019-02-26 14:07:51,dev
11658,public/customImages/gfhowtos/fillInRest.png,confirmed,gf,2019-02-26 14:07:51,dev
11659,public/customImages/gfhowtos/hauptmenuVisible.png,confirmed,gf,2019-02-26 14:07:51,dev
11660,public/customImages/gfhowtos/iisMainLink.png,confirmed,gf,2019-02-26 14:07:51,dev
11661,public/customImages/gfhowtos/hauptmenubearbeiten.png,confirmed,gf,2019-02-26 14:07:51,dev
11662,public/customImages/gfhowtos/iisCryptoApply.png,confirmed,gf,2019-02-26 14:07:51,dev
11663,public/customImages/gfhowtos/projectRoles.png,confirmed,gf,2019-02-26 14:07:51,dev
11664,public/customImages/gfhowtos/projectPage3.png,confirmed,gf,2019-02-26 14:07:51,dev
11665,public/customImages/gfhowtos/nowSeeValidationInHeader.png,confirmed,gf,2019-02-26 14:07:51,dev
11666,public/customImages/gfhowtos/lookForUrl.png,confirmed,gf,2019-02-26 14:07:51,dev
11667,public/customImages/gfhowtos/selectAdmin.png,confirmed,gf,2019-02-26 14:07:51,dev
11668,public/customImages/gfhowtos/serverzertifIcon.png,confirmed,gf,2019-02-26 14:07:51,dev
11669,public/customImages/gfhowtos/rebootComputerIisCrypto.png,confirmed,gf,2019-02-26 14:07:51,dev
11670,public/customImages/gfhowtos/taskScreen1.png,confirmed,gf,2019-02-26 14:07:51,dev
11671,public/customImages/gfhowtos/strictTransport.png,confirmed,gf,2019-02-26 14:07:51,dev
11672,public/customImages/gfhowtos/standardsBrowserErstellen.png,confirmed,gf,2019-02-26 14:07:51,dev
11673,public/customImages/gfhowtos/select443.png,confirmed,gf,2019-02-26 14:07:51,dev
11674,public/customImages/gfhowtos/taskScreen2.png,confirmed,gf,2019-02-26 14:07:51,dev
11676,public/customImages/gfhowtos/theAntwortHeader.png,confirmed,gf,2019-02-26 14:07:51,dev
11677,public/customImages/gfhowtos/taskScreen3.png,confirmed,gf,2019-02-26 14:07:51,dev
11678,public/customImages/gfhowtos/uncheckCiphers.png,confirmed,gf,2019-02-26 14:07:51,dev
11679,public/customImages/gfhowtos/unpackOnServer.png,confirmed,gf,2019-02-26 14:07:51,dev
11680,public/customImages/gfhowtos/xContentTypeOptionsError.png,confirmed,gf,2019-02-26 14:07:51,dev
11681,public/customImages/gfhowtos/uploadIisCrypto.png,confirmed,gf,2019-02-26 14:07:51,dev
11682,public/customImages/gfhowtos/theDefaultWebSite.png,confirmed,gf,2019-02-26 14:07:51,dev
11683,public/customImages/gfhowtos/xframeNotSent.png,confirmed,gf,2019-02-26 14:07:51,dev
11684,public/customImages/gfhowtos/xframeOptionsSameorigin.png,confirmed,gf,2019-02-26 14:07:51,dev
11685,systemControllers/controllerDatapodForNode.js,confirmed,core,2019-02-26 14:07:51,dev
11686,public/customImages/gfhowtos/xxssFix.png,confirmed,gf,2019-02-26 14:07:51,dev
11687,systemControllers/controllerPublishNewVersion.js,confirmed,core,2019-02-26 14:07:51,dev
11689,public/customImages/gfhowtos/xxssProtectionError.png,confirmed,gf,2019-02-26 14:07:51,dev
11690,systemControllers/controllerGfhowtos.js,confirmed,gf,2019-02-26 14:07:51,dev
11691,systemControllers/controllerManageShowcaseUsers.js,confirmed,core,2019-02-26 14:07:51,dev
11692,systemControllers/controllerManageDpnVersions.js,confirmed,tech,2019-02-26 14:07:51,dev
11693,systemItems/dpnVersion.js,confirmed,tech,2019-02-26 14:07:51,dev
11694,systemItems/dpnVersions.js,confirmed,tech,2019-02-26 14:07:51,dev
11695,systemControllers/controllerGenericizeSiteToTech.js,confirmed,core,2019-02-26 14:07:51,dev
11696,systemItems/gfhowtos.js,confirmed,gf,2019-02-26 14:07:51,dev
11697,systemItems/showcaseUser.js,confirmed,core,2019-02-26 14:07:51,dev
11698,systemItems/showcaseUsers.js,confirmed,core,2019-02-26 14:07:51,dev
11699,systemItems/gfhowto.js,confirmed,gf,2019-02-26 14:07:51,dev
11700,systemPages/genericizeSiteToTech.ejs,confirmed,core,2019-02-26 14:07:51,dev
11701,systemPages/datapodForNode.ejs,confirmed,core,2019-02-26 14:07:51,dev
11702,systemPages/gfhowtos.ejs,confirmed,gf,2019-02-26 14:07:51,dev
11703,systemPages/publishNewVersion.ejs,confirmed,dev,2019-02-26 14:07:51,dev
11704,systemPages/manageShowcaseUsers.ejs,confirmed,core,2019-02-26 14:07:51,dev
11705,systemPages/manageDpnVersions.ejs,confirmed,tech,2019-02-26 14:07:51,dev
11706,public/customImages/gfhowtos/certificateScreen2with2048.png,confirmed,gf,2019-02-26 14:07:51,dev
11707,public/customImages/gfhowtos/clickFinishCertificate.png,confirmed,gf,2019-02-26 14:07:51,dev
11708,public/customImages/gfhowtos/apacheHeaderSection2.png,confirmed,gf,2019-02-26 14:07:51,dev
11710,systemControllers/controllerFinalizeNewVersion.js,confirmed,core,2019-02-26 16:02:20,dev
11711,systemClasses/genericizeSiteToTechManager.js,confirmed,gf,2019-02-26 16:02:20,dev
11712,systemPages/finalizeNewVersion.ejs,confirmed,core,2019-02-26 16:02:20,dev
11713,systemBuilders/pageBuilderItemTypeManager.js,confirmed,core,2019-02-27 11:10:58,dev
11714,systemPages/genericizeSiteSwitcher.ejs,confirmed,core,2019-02-27 11:10:58,dev
11715,systemControllers/controllerGenericizeSiteSwitcher.js,confirmed,core,2019-02-27 11:10:58,dev
11719,systemPages/manageDpnVersionFeatures.ejs,confirmed,tech,2019-03-01 04:56:17,dev
11720,systemPages/showcaseMarkdown.ejs,confirmed,core,2019-03-01 04:56:17,dev
11721,systemControllers/controllerManageDpnVersionFeatures.js,confirmed,tech,2019-03-01 04:56:17,dev
11722,public/customImages/dpnVersionFeatures/showcaseMarkdown.png,confirmed,tech,2019-03-01 04:56:17,dev
11723,public/systemImages/showcases/markdown/blueSquare.png,confirmed,core,2019-03-01 04:56:17,dev
11724,systemItems/dpnVersionFeatures.js,confirmed,tech,2019-03-01 04:56:17,dev
11725,systemControllers/controllerShowcaseMarkdown.js,confirmed,core,2019-03-01 04:56:17,dev
11726,systemItems/dpnVersionFeature.js,confirmed,tech,2019-03-01 04:56:17,dev
11728,dev/nextVersion.txt,confirmed,dev,2019-03-13 16:16:29,dev
11729,public/customImages/dpnVersionFeatures/qfilRemoveLineWithText.png,confirmed,core,2019-03-13 16:16:29,dev
11730,public/customImages/dpnVersionFeatures/batchImport.png,confirmed,tech,2019-03-13 16:16:29,dev
11732,public/customImages/dpnVersionFeatures/transformationSynchronizer.png,confirmed,tech,2019-03-13 16:16:29,dev
11733,system/dpod.js,confirmed,core,2019-03-13 16:16:29,dev
11735,public/customImages/dpnVersionFeatures/textChunkDocumentClass.png,confirmed,tech,2019-03-13 16:16:29,dev
11736,systemClasses/batchImportBlock.js,confirmed,core,2019-03-13 16:16:29,dev
11737,systemClasses/dqlParser.js,confirmed,core,2019-03-13 16:16:29,dev
11739,systemClasses/batchImportProcessor.js,confirmed,core,2019-03-13 16:16:29,dev
11740,systemClasses/systemCodeGenerator.js,confirmed,core,2019-03-13 16:16:29,dev
11741,systemControllers/controllerShowcaseDql.js,confirmed,core,2019-03-13 16:16:29,dev
11742,systemControllers/controllerShowcaseCustomTextParsing.js,confirmed,core,2019-03-13 16:16:29,dev
11743,systemControllers/controllerFillItemTypesFromDirectory.js,confirmed,core,2019-03-13 16:16:29,dev
11744,systemFileTemplates/fileTemplate_newPageTransformationSynchronizer.txt,confirmed,core,2019-03-13 16:16:29,dev
11745,systemControllers/controllerShowcaseTextChunkDocument.js,confirmed,core,2019-03-13 16:16:29,dev
11746,systemControllers/controllerSystemCodeGenerator.js,confirmed,core,2019-03-13 16:16:29,dev
11747,systemPages/showcaseDql.ejs,confirmed,core,2019-03-13 16:16:29,dev
11748,systemPages/showcaseTextChunkDocument.ejs,confirmed,core,2019-03-13 16:16:29,dev
11749,systemPages/showcaseCustomTextParsing.ejs,confirmed,core,2019-03-13 16:16:29,dev
11750,systemTextParsers/textChunk.js,confirmed,core,2019-03-13 16:16:29,dev
11751,systemPages/fillItemTypesFromDirectory.ejs,confirmed,core,2019-03-13 16:16:29,dev
11752,systemTextParsers/textChunkDocument.js,confirmed,core,2019-03-13 16:16:29,dev
11753,systemFileTemplates/fileTemplate_newControllerTransformationSynchronizer.txt,confirmed,core,2019-03-13 16:16:29,dev
11754,systemPages/systemCodeGenerator.ejs,confirmed,core,2019-03-13 16:16:29,dev
11756,public/customImages/dpnVersionFeatures/datapodQueryLanguage.png,confirmed,tech,2019-03-13 16:16:29,dev
11757,data/main.sqlite,confirmed,core,2019-03-13 16:16:29,dev
11766,public/customImages/dpnVersionFeatures/screenResizeEvent.png,confirmed,tech,2019-03-19 20:43:00,dev
11768,systemControllers/controllerManageApplicationFile.js,confirmed,core,2019-03-19 20:43:00,dev
11769,systemControllers/controllerManageDpnVersion.js,confirmed,tech,2019-03-19 20:43:00,dev
11770,systemControllers/controllerManageDpnVersionFeature.js,confirmed,tech,2019-03-19 20:43:00,dev
11771,systemControllers/controllerManageGfhowto.js,confirmed,gf,2019-03-19 20:43:00,dev
11772,systemControllers/controllerManagePageItem.js,confirmed,core,2019-03-19 20:43:00,dev
11773,systemControllers/controllerManageGfhowtos.js,confirmed,gf,2019-03-19 20:43:00,dev
11774,systemControllers/controllerManageShowcaseBook.js,confirmed,core,2019-03-19 20:43:00,dev
11775,systemControllers/controllerManageItemType.js,confirmed,core,2019-03-19 20:43:00,dev
11776,public/customImages/dpnVersionFeatures/createItemTypeManagePage.png,confirmed,tech,2019-03-19 20:43:00,dev
11777,systemControllers/controllerManagePageItems.js,confirmed,core,2019-03-19 20:43:00,dev
11778,systemControllers/controllerManageShowcaseBooks.js,confirmed,core,2019-03-19 20:43:00,dev
11779,systemControllers/controllerManageShowcaseUser.js,confirmed,core,2019-03-19 20:43:00,dev
11780,systemControllers/controllerManageUser.js,confirmed,core,2019-03-19 20:43:00,dev
11781,systemControllers/controllerManageUsers.js,confirmed,core,2019-03-19 20:43:00,dev
11782,systemFileTemplates/fileTemplate_newControllerManageItem.txt,confirmed,core,2019-03-19 20:43:00,dev
11783,systemFileTemplates/fileTemplate_newPageManageItem.txt,confirmed,core,2019-03-19 20:43:00,dev
11784,systemFileTemplates/fileTemplate_newControllerManageItems.txt,confirmed,core,2019-03-19 20:43:00,dev
11785,systemFileTemplates/fileTemplate_newPageManageItems.txt,confirmed,core,2019-03-19 20:43:00,dev
11786,systemPages/manageApplicationFile.ejs,confirmed,core,2019-03-19 20:43:00,dev
11787,systemPages/manageDpnVersion.ejs,confirmed,tech,2019-03-19 20:43:00,dev
11788,systemPages/manageDpnVersionFeature.ejs,confirmed,tech,2019-03-19 20:43:00,dev
11789,systemPages/manageGfhowto.ejs,confirmed,gf,2019-03-19 20:43:00,dev
11790,systemPages/manageGfhowtos.ejs,confirmed,gf,2019-03-19 20:43:00,dev
11791,systemPages/manageItemType.ejs,confirmed,core,2019-03-19 20:43:00,dev
11792,public/customImages/dpnVersionFeatures/deleteItemTypeListNow.png,confirmed,tech,2019-03-19 20:43:00,dev
11793,systemPages/managePageItem.ejs,confirmed,core,2019-03-19 20:43:00,dev
11794,systemPages/manageShowcaseBook.ejs,confirmed,core,2019-03-19 20:43:00,dev
11795,systemPages/managePageItems.ejs,confirmed,core,2019-03-19 20:43:00,dev
11796,systemPages/manageShowcaseUser.ejs,confirmed,core,2019-03-19 20:43:00,dev
11797,systemPages/manageUser.ejs,confirmed,core,2019-03-19 20:43:00,dev
11798,systemPages/manageUsers.ejs,confirmed,core,2019-03-19 20:43:00,dev
11799,systemPages/manageShowcaseBooks.ejs,confirmed,core,2019-03-19 20:43:00,dev
11800,public/customImages/dpnVersionFeatures/deleteItemTypeList.png,confirmed,tech,2019-03-19 20:43:00,dev
11802,systemBuilders/pageBuilderTransformationSynchronizer.js,confirmed,core,2019-03-19 20:43:00,dev
11804,public/customImages/gfhowtos/changeItApps.png,confirmed,gf,2019-03-29 15:26:46,dev
11806,public/customImages/gfhowtos/deleteThese483838.png,confirmed,gf,2019-03-29 15:26:46,dev
11809,public/customImages/gfhowtos/fuerAlleFreiBytes.png,confirmed,gf,2019-03-29 15:26:46,dev
11810,public/customImages/gfhowtos/likeTheOthersMake.png,confirmed,gf,2019-03-29 15:26:46,dev
11811,public/customImages/gfhowtos/ifExplorerpaessle.png,confirmed,gf,2019-03-29 15:26:46,dev
11812,public/customImages/gfhowtos/ramsettignsok.png,confirmed,gf,2019-03-29 15:26:46,dev
11813,public/customImages/gfhowtos/netzwerksuchedelete.png,confirmed,gf,2019-03-29 15:26:46,dev
11814,public/customImages/gfhowtos/the9050.png,confirmed,gf,2019-03-29 15:26:46,dev
11816,public/customImages/gfhowtos/serviceRunningAgain.png,confirmed,gf,2019-03-29 15:26:46,dev
11818,public/customImages/gfhowtos/theServiceRebuild.png,confirmed,gf,2019-03-29 15:26:46,dev
11819,public/customImages/gfhowtos/verbindungFehl.png,confirmed,gf,2019-03-29 15:26:46,dev
11820,public/customImages/gfhowtos/taketheseout234.png,confirmed,gf,2019-03-29 15:26:46,dev
11821,public/customImages/gfhowtos/thezulassok.png,confirmed,gf,2019-03-29 15:26:46,dev
11823,public/customImages/gfhowtos/wennNotAllowedThen.png,confirmed,gf,2019-03-29 15:26:46,dev
11825,systemBuilders/pageBuilderManageItem.js,confirmed,core,2019-03-29 15:26:46,dev
11827,systemControllers/controllerManageHowtos.js,confirmed,tech,2019-03-29 15:26:46,dev
11829,systemControllers/controllerGp137.js,confirmed,gf,2019-03-29 15:26:46,dev
11830,systemBuilders/pageBuilderManageItems.js,confirmed,core,2019-03-29 15:26:46,dev
11831,systemControllers/controllerManageTips.js,confirmed,tech,2019-03-29 15:26:46,dev
11832,systemControllers/controllerManageKeys.js,confirmed,tech,2019-03-29 15:26:46,dev
11833,systemControllers/controllerManageHowto.js,confirmed,tech,2019-03-29 15:26:46,dev
11834,systemControllers/controllerManageKey.js,confirmed,tech,2019-03-29 15:26:46,dev
11835,systemControllers/controllerManageTip.js,confirmed,tech,2019-03-29 15:26:46,dev
11836,systemControllers/controllerManageTodo.js,confirmed,tech,2019-03-29 15:26:46,dev
11837,systemControllers/controllerShowcaseEditXmlFile.js,confirmed,core,2019-03-29 15:26:46,dev
11838,systemControllers/controllerShowcaseBestEcmascript6Features.js,confirmed,core,2019-03-29 15:26:46,dev
11839,systemControllers/controllerManageTodos.js,confirmed,tech,2019-03-29 15:26:46,dev
11840,systemItems/howto.js,confirmed,tech,2019-03-29 15:26:46,dev
11841,systemItems/howtos.js,confirmed,tech,2019-03-29 15:26:46,dev
11842,systemItems/keys.js,confirmed,tech,2019-03-29 15:26:46,dev
11843,systemItems/tip.js,confirmed,tech,2019-03-29 15:26:46,dev
11844,systemItems/tips.js,confirmed,tech,2019-03-29 15:26:46,dev
11845,systemItems/key.js,confirmed,tech,2019-03-29 15:26:46,dev
11846,systemPages/manageHowto.ejs,confirmed,tech,2019-03-29 15:26:46,dev
11847,systemItems/todos.js,confirmed,tech,2019-03-29 15:26:46,dev
11848,systemItems/todo.js,confirmed,tech,2019-03-29 15:26:46,dev
11849,systemPages/manageHowtos.ejs,confirmed,tech,2019-03-29 15:26:46,dev
11850,systemPages/gp137.ejs,confirmed,gf,2019-03-29 15:26:46,dev
11851,systemPages/manageKeys.ejs,confirmed,tech,2019-03-29 15:26:46,dev
11852,systemPages/manageKey.ejs,confirmed,tech,2019-03-29 15:26:46,dev
11853,systemPages/manageTips.ejs,confirmed,tech,2019-03-29 15:26:46,dev
11854,systemPages/manageTodo.ejs,confirmed,tech,2019-03-29 15:26:46,dev
11855,systemPages/showcaseBestEcmascript6Features.ejs,confirmed,core,2019-03-29 15:26:46,dev
11856,systemPages/manageTip.ejs,confirmed,tech,2019-03-29 15:26:46,dev
11857,systemPages/showcaseEditXmlFile.ejs,confirmed,core,2019-03-29 15:26:46,dev
11858,systemPages/manageTodos.ejs,confirmed,tech,2019-03-29 15:26:46,dev
11859,.vscode/settings.json,confirmed,core,2019-03-29 15:26:46,dev
11861,data/showcases/showcaseEditXmlFile.xml,confirmed,core,2019-03-29 15:26:46,dev
11863,systemControllers/controllerShowcaseMultipleSqlStatements.js,confirmed,core,2019-04-02 16:11:38,dev
11865,systemPages/showcaseMultipleSqlStatements.ejs,confirmed,core,2019-04-02 16:11:38,dev
11874,systemFileTemplates/fileTemplate_newControllerMultipleAjaxSteps.txt,confirmed,core,2019-04-03 16:32:40,dev
11875,systemControllers/controllerShowcaseMultipleAjaxSteps.js,confirmed,core,2019-04-03 16:32:40,dev
11876,systemBuilders/pageBuilderMultipleAjaxSteps.js,confirmed,core,2019-04-03 16:32:40,dev
11877,systemPages/showcaseMultipleAjaxSteps.ejs,confirmed,core,2019-04-03 16:32:40,dev
11878,systemControllers/controllerShowcaseMultipleAjaxStepsWithNodeRestarts.js,confirmed,core,2019-04-03 16:32:40,dev
11879,systemFileTemplates/fileTemplate_newPageMultipleAjaxSteps.txt,confirmed,core,2019-04-03 16:32:40,dev
11880,systemPages/showcaseMultipleAjaxStepsWithNodeRestarts.ejs,confirmed,core,2019-04-03 16:32:40,dev
11886,public/customImages/gfhowtos/cobianCheckEdit.png,confirmed,gf,2019-04-05 10:14:04,dev
11888,public/customImages/gfhowtos/thecobiantestok.png,confirmed,gf,2019-04-05 10:14:04,dev
11895,systemClasses/codeFileTransformer.js,confirmed,core,2019-04-06 09:41:28,dev
11896,data/showcases/showcaseCodeFileTransformer.txt,confirmed,dev,2019-04-06 09:41:28,dev
11900,public/customImages/dpnVersionFeatures/newPageTypeMultipleAjaxSteps.png,confirmed,dev,2019-04-17 16:42:07,dev
11904,public/customImages/showcaseUsers/test8282.png,confirmed,ignore,2019-04-17 16:42:07,dev
11905,public/customImages/showcaseUsers/testFinishedArea.png,confirmed,ignore,2019-04-17 16:42:07,dev
11907,public/customImages/showcaseUsers/testLiCode.png,confirmed,ignore,2019-04-17 16:42:07,dev
11908,public/customImages/showcaseUsers/testProtectId.png,confirmed,ignore,2019-04-17 16:42:07,dev
11910,public/customImages/showcaseUsers/theError888.png,confirmed,ignore,2019-04-17 16:42:07,dev
11912,public/systemImages/addFieldToItemType_fieldInDatabase.png,confirmed,core,2019-04-17 16:42:07,dev
11913,systemBuilders/pageBuilderItemTypeDisplay.js,confirmed,core,2019-04-17 16:42:07,dev
11914,systemControllers/controllerAddFieldToItemType.js,confirmed,core,2019-04-17 16:42:07,dev
11915,systemControllers/controllerCreateDataType.js,confirmed,core,2019-04-17 16:42:07,dev
11916,systemControllers/controllerHowtos.js,confirmed,tech,2019-04-17 16:42:07,dev
11917,systemControllers/controllerManageGftask.js,confirmed,gf,2019-04-17 16:42:07,dev
11918,systemControllers/controllerShowcaseSearchAndDisplayItemType.js,confirmed,core,2019-04-17 16:42:07,dev
11919,systemClasses/dataTypeBuilder.js,confirmed,core,2019-04-17 16:42:07,dev
11920,systemControllers/controllerShowcaseUser.js,confirmed,core,2019-04-17 16:42:07,dev
11921,systemControllers/controllerManageGftasks.js,confirmed,gf,2019-04-17 16:42:07,dev
11923,systemDataTypes/dataTypeMarkdown.js,confirmed,core,2019-04-17 16:42:07,dev
11924,systemDataTypes/dataTypePassword.js,confirmed,core,2019-04-17 16:42:07,dev
11925,systemDataTypes/dataTypeOutline.js,confirmed,core,2019-04-17 16:42:07,dev
11926,systemDataTypes/dataTypeText.js,confirmed,core,2019-04-17 16:42:07,dev
11927,systemFileTemplates/fileTemplate_newControllerItemTypeDisplay.txt,confirmed,core,2019-04-17 16:42:07,dev
11928,systemFileTemplates/fileTemplate_newDataType.txt,confirmed,core,2019-04-17 16:42:07,dev
11929,systemFileTemplates/fileTemplate_newPageItemTypeDisplay.txt,confirmed,core,2019-04-17 16:42:07,dev
11930,systemItems/gftask.js,confirmed,gf,2019-04-17 16:42:07,dev
11931,systemItems/gftasks.js,confirmed,gf,2019-04-17 16:42:07,dev
11932,systemPages/addFieldToItemType.ejs,confirmed,core,2019-04-17 16:42:07,dev
11933,systemPages/createDataType.ejs,confirmed,core,2019-04-17 16:42:07,dev
11934,systemPages/howtos.ejs,confirmed,tech,2019-04-17 16:42:07,dev
11935,systemPages/manageGftasks.ejs,confirmed,gf,2019-04-17 16:42:07,dev
11936,systemPages/manageGftask.ejs,confirmed,gf,2019-04-17 16:42:07,dev
11938,systemPages/showcaseSearchAndDisplayItemType.ejs,confirmed,core,2019-04-17 16:42:07,dev
11942,public/customImages/dpnVersionFeatures/newDataTypeMarkdown.png,confirmed,tech,2019-04-19 16:05:34,dev
11943,public/customImages/dpnVersionFeatures/newDataTypeOutline.png,confirmed,tech,2019-04-19 16:05:34,dev
11944,public/customImages/dpnVersionFeatures/createDataType.png,confirmed,tech,2019-04-19 16:05:34,dev
11945,public/customImages/dpnVersionFeatures/newDataTypePassword.png,confirmed,tech,2019-04-19 16:05:34,dev
11946,public/customImages/dpnVersionFeatures/newPageTypeItemTypeDisplayPage.png,confirmed,tech,2019-04-19 16:05:34,dev
11947,public/customImages/dpnVersionFeatures/showcaseMultipleAjaxSteps.png,confirmed,tech,2019-04-19 16:05:34,dev
11950,systemDataTypes/dataTypeDepartment.js,confirmed,core,2019-04-19 16:05:34,dev
11951,public/customImages/dpnVersionFeatures/es6Showcase.png,confirmed,tech,2019-04-19 16:05:34,dev
11952,public/customImages/dpnVersionFeatures/addFieldToItemType.png,confirmed,tech,2019-04-19 16:05:34,dev
11955,systemControllers/controllerManageUserPoints.js,confirmed,tech,2019-04-25 09:51:52,dev
11956,systemControllers/controllerLearnBits.js,confirmed,tech,2019-04-25 09:51:52,dev
11957,systemItems/userPoints.js,confirmed,tech,2019-04-25 09:51:52,dev
11958,systemPages/learnBits.ejs,confirmed,tech,2019-04-25 09:51:52,dev
11959,systemPages/manageUserPoint.ejs,confirmed,tech,2019-04-25 09:51:52,dev
11960,systemControllers/controllerManageUserPoint.js,confirmed,tech,2019-04-25 09:51:52,dev
11961,systemItems/userPoint.js,confirmed,tech,2019-04-25 09:51:52,dev
11962,systemPages/manageUserPoints.ejs,confirmed,tech,2019-04-25 09:51:52,dev
11973,public/customImages/gfhowtos/gruppenricht4.png,confirmed,gf,2019-07-08 15:34:05,dev
11975,public/customImages/gfhowtos/internetTheWikiUpdates.png,confirmed,gf,2019-07-08 15:34:05,dev
11976,public/customImages/general/webdevOverview.jpg,confirmed,dev,2019-07-08 15:34:05,dev
11977,public/customImages/gfhowtos/remoteServerConsole.png,confirmed,gf,2019-07-08 15:34:05,dev
11980,public/customImages/gfhowtos/strato33thethreeWindowsUpdates.png,confirmed,gf,2019-07-08 15:34:05,dev
11981,public/customImages/gfhowtos/optionenEinblenden11.png,confirmed,gf,2019-07-08 15:34:05,dev
11982,public/customImages/gfhowtos/neustart111.png,confirmed,gf,2019-07-08 15:34:05,dev
11983,public/customImages/gfhowtos/recoveryManagerAktionausfuhren.png,confirmed,gf,2019-07-08 15:34:05,dev
11984,public/customImages/gfhowtos/thesacprompt.png,confirmed,gf,2019-07-08 15:34:05,dev
11985,public/customImages/gfhowtos/sachelp.png,confirmed,gf,2019-07-08 15:34:05,dev
11986,public/customImages/gfhowtos/theeinstellungnen.png,confirmed,gf,2019-07-08 15:34:05,dev
11987,public/customImages/gftasks/cobianStrato33Finished.png,confirmed,gf,2019-07-08 15:34:05,dev
11988,public/customImages/gftasks/beforeBlankOutOff.png,confirmed,gf,2019-07-08 15:34:05,dev
11989,public/customImages/gfhowtos/thetools.png,confirmed,gf,2019-07-08 15:34:05,dev
11990,public/customImages/gftasks/dotnetInstallsdf.png,confirmed,gf,2019-07-08 15:34:05,dev
11991,public/customImages/gftasks/FehlerBeimFxInstall.png,confirmed,gf,2019-07-08 15:34:05,dev
11992,public/customImages/gfhowtos/winUpdatesNeustart222.png,confirmed,gf,2019-07-08 15:34:05,dev
11993,public/customImages/gftasks/gruppenricht4.png,confirmed,gf,2019-07-08 15:34:05,dev
11994,public/customImages/gftasks/errorSchwerwiegend222.png,confirmed,gf,2019-07-08 15:34:05,dev
11995,public/customImages/gftasks/laborNoLogin.png,confirmed,gf,2019-07-08 15:34:05,dev
11996,public/customImages/gftasks/isvolltracker.png,confirmed,gf,2019-07-08 15:34:05,dev
11997,public/customImages/gftasks/localReportWhitespace.png,confirmed,gf,2019-07-08 15:34:05,dev
11998,public/customImages/gftasks/internetTheWikiUpdates.png,confirmed,gf,2019-07-08 15:34:05,dev
11999,public/customImages/gftasks/localWhiteSpaceBefore.png,confirmed,gf,2019-07-08 15:34:05,dev
12000,public/customImages/gftasks/neustart111.png,confirmed,gf,2019-07-08 15:34:05,dev
12001,public/customImages/gftasks/localWhiteSpaceBefore2.png,confirmed,gf,2019-07-08 15:34:05,dev
12002,public/customImages/gftasks/missingValidationPart.png,confirmed,gf,2019-07-08 15:34:05,dev
12003,public/customImages/gftasks/remoteDesktopOut.png,confirmed,gf,2019-07-08 15:34:05,dev
12004,public/customImages/gftasks/now30frei.png,confirmed,gf,2019-07-08 15:34:05,dev
12005,public/customImages/gftasks/newServerFirewallSetup.png,confirmed,gf,2019-07-08 15:34:05,dev
12006,public/customImages/gftasks/portalfopsig.png,confirmed,gf,2019-07-08 15:34:05,dev
12007,public/customImages/gftasks/snapbad.png,confirmed,gf,2019-07-08 15:34:05,dev
12008,public/customImages/gftasks/sqlTestBlanks.png,confirmed,gf,2019-07-08 15:34:05,dev
12009,public/customImages/gftasks/strato33backupCobian15.png,confirmed,gf,2019-07-08 15:34:05,dev
12010,public/customImages/gftasks/stats3031.png,confirmed,gf,2019-07-08 15:34:05,dev
12011,public/customImages/gftasks/secondValidierungOk.png,confirmed,gf,2019-07-08 15:34:05,dev
12012,public/customImages/gftasks/sqlTestBlanks2.png,confirmed,gf,2019-07-08 15:34:05,dev
12013,public/customImages/gftasks/strato33infos.png,confirmed,gf,2019-07-08 15:34:05,dev
12014,public/customImages/gftasks/status401error.png,confirmed,gf,2019-07-08 15:34:05,dev
12015,public/customImages/gftasks/stats306.png,confirmed,gf,2019-07-08 15:34:05,dev
12016,public/customImages/gftasks/strato33cobianFehler.png,confirmed,gf,2019-07-08 15:34:05,dev
12017,public/customImages/gftasks/strato33waitUpdates.png,confirmed,gf,2019-07-08 15:34:05,dev
12018,public/customImages/gftasks/theCabHddFull.png,confirmed,gf,2019-07-08 15:34:05,dev
12019,public/customImages/gftasks/thetools.png,confirmed,gf,2019-07-08 15:34:05,dev
12020,public/customImages/gftasks/strato33thethreeWindowsUpdates.png,confirmed,gf,2019-07-08 15:34:05,dev
12021,public/customImages/gftasks/thetwoipaddresses.png,confirmed,gf,2019-07-08 15:34:05,dev
12022,public/customImages/gftasks/trackerbinary.png,confirmed,gf,2019-07-08 15:34:05,dev
12023,public/customImages/gftasks/youtrackFullFest.png,confirmed,gf,2019-07-08 15:34:05,dev
12024,public/customImages/gftasks/trackersizes.png,confirmed,gf,2019-07-08 15:34:05,dev
12025,public/customImages/gftasks/validateWithErrorNoSubtitle.png,confirmed,gf,2019-07-08 15:34:05,dev
12026,public/customImages/howtos/clickarrow.png,confirmed,tech,2019-07-08 15:34:05,dev
12027,public/customImages/gftasks/winUpdatesNeustart222.png,confirmed,gf,2019-07-08 15:34:05,dev
12028,public/customImages/gftasks/youtrackProblems.png,confirmed,gf,2019-07-08 15:34:05,dev
12029,public/customImages/gftasks/youttracktreesize31.png,confirmed,gf,2019-07-08 15:34:05,dev
12030,public/customImages/howtos/code333.png,confirmed,tech,2019-07-08 15:34:05,dev
12031,public/customImages/gftasks/youtrackonly.png,confirmed,gf,2019-07-08 15:34:05,dev
12032,public/customImages/howtos/lessToCss.png,confirmed,tech,2019-07-08 15:34:05,dev
12033,public/customImages/howtos/rightjustifybutton.png,confirmed,tech,2019-07-08 15:34:05,dev
12034,public/customImages/howtos/toSetbookmark.png,confirmed,tech,2019-07-08 15:34:05,dev
12035,public/customImages/howtos/thebookmarkInstall.png,confirmed,tech,2019-07-08 15:34:05,dev
12036,public/customImages/howtos/therightMark.png,confirmed,tech,2019-07-08 15:34:05,dev
12037,public/customImages/howtos/test2.png,confirmed,tech,2019-07-08 15:34:05,dev
12038,public/customImages/howtos/thecodetest.png,confirmed,tech,2019-07-08 15:34:05,dev
12039,public/customImages/howtos/typeatbottomtext.png,confirmed,tech,2019-07-08 15:34:05,dev
12040,public/customImages/howtos/watchingDirectory.png,confirmed,tech,2019-07-08 15:34:05,dev
12041,public/customImages/techItems/mvcDiagram.png,confirmed,tech,2019-07-08 15:34:05,dev
12042,public/customImages/howtos/willappearall.png,confirmed,tech,2019-07-08 15:34:05,dev
12043,public/customImages/techItems/assemblyCode.png,confirmed,tech,2019-07-08 15:34:05,dev
12044,public/customImages/techItems/pythonInVscode.png,confirmed,tech,2019-07-08 15:34:05,dev
12045,public/customImages/techItems/phpExampleCode.png,confirmed,tech,2019-07-08 15:34:05,dev
12046,public/customImages/techItems/jqueryPopularity.png,confirmed,tech,2019-07-08 15:34:05,dev
12047,public/customImages/techItems/razorPagesAndMvc.png,confirmed,tech,2019-07-08 15:34:05,dev
12048,public/customImages/techItems/vbaExample.png,confirmed,tech,2019-07-08 15:34:05,dev
12049,public/customImages/techTopicGroups/techTopicGroup_databases.png,confirmed,tech,2019-07-08 15:34:05,dev
12050,public/frontendLibraries/axios.min.js,confirmed,core,2019-07-08 15:34:05,dev
12051,public/customImages/techItems/vuejsPopularity.png,confirmed,tech,2019-07-08 15:34:05,dev
12052,public/frontendLibraries/bootbox.min.js,confirmed,core,2019-07-08 15:34:05,dev
12053,public/frontendLibraries/bootstrap.min.css,confirmed,core,2019-07-08 15:34:05,dev
12054,public/customImages/techTopicGroups/techTopicGroup_operatingSystems.png,confirmed,tech,2019-07-08 15:34:05,dev
12055,public/frontendLibraries/jquery-2.2.4.min.js,confirmed,core,2019-07-08 15:34:05,dev
12056,public/frontendLibraries/bootstrap.min.js,confirmed,core,2019-07-08 15:34:05,dev
12057,public/frontendLibraries/lodash.js,confirmed,core,2019-07-08 15:34:05,dev
12058,public/frontendLibraries/popper.min.js,confirmed,core,2019-07-08 15:34:05,dev
12059,public/frontendLibraries/font-awesome.min.css,confirmed,core,2019-07-08 15:34:05,dev
12060,public/frontendLibraries/vue.js,confirmed,core,2019-07-08 15:34:05,dev
12061,systemClasses/dynamicPagePresenter.js,confirmed,core,2019-07-08 15:34:05,dev
12062,systemControllers/controllerGftasks.js,confirmed,gf,2019-07-08 15:34:05,dev
12063,public/systemImages/showcases/mobileDevelopment/testGraphic.png,confirmed,core,2019-07-08 15:34:05,dev
12064,systemClasses/smartGftaskManager.js,confirmed,gf,2019-07-08 15:34:05,dev
12065,systemControllers/controllerComparisons.js,confirmed,tech,2019-07-08 15:34:05,dev
12066,systemControllers/controllerManageComparison.js,confirmed,tech,2019-07-08 15:34:05,dev
12067,systemControllers/controllerManageTechItem.js,confirmed,tech,2019-07-08 15:34:05,dev
12068,systemControllers/controllerManageComparisons.js,confirmed,tech,2019-07-08 15:34:05,dev
12069,systemControllers/controllerManageTechItems.js,confirmed,tech,2019-07-08 15:34:05,dev
12070,systemControllers/controllerShowcasePageState.js,confirmed,core,2019-07-08 15:34:05,dev
12071,systemControllers/controllerManageTechTopicGroups.js,confirmed,tech,2019-07-08 15:34:05,dev
12072,systemControllers/controllerManageTechTopicGroup.js,confirmed,tech,2019-07-08 15:34:05,dev
12073,systemControllers/controllerTechItems.js,confirmed,tech,2019-07-08 15:34:05,dev
12074,systemControllers/controllerSwitchSiteMode.js,confirmed,core,2019-07-08 15:34:05,dev
12075,systemControllers/controllerShowcaseMobileDevelopment.js,confirmed,core,2019-07-08 15:34:05,dev
12076,systemItems/techItem.js,confirmed,tech,2019-07-08 15:34:05,dev
12077,systemItems/comparisons.js,confirmed,tech,2019-07-08 15:34:05,dev
12078,systemItems/comparison.js,confirmed,tech,2019-07-08 15:34:05,dev
12079,systemItems/techItems.js,confirmed,tech,2019-07-08 15:34:05,dev
12080,systemItems/techTopicGroups.js,confirmed,tech,2019-07-08 15:34:05,dev
12081,systemPages/manageComparison.ejs,confirmed,tech,2019-07-08 15:34:05,dev
12082,systemItems/techTopicGroup.js,confirmed,tech,2019-07-08 15:34:05,dev
12083,systemPages/comparisons.ejs,confirmed,tech,2019-07-08 15:34:05,dev
12084,systemDataTypes/dataTypeLongLine.js,confirmed,core,2019-07-08 15:34:05,dev
12085,systemPages/manageComparisons.ejs,confirmed,tech,2019-07-08 15:34:05,dev
12086,systemPages/gftasks.ejs,confirmed,core,2019-07-08 15:34:05,dev
12087,systemPages/manageTechTopicGroup.ejs,confirmed,tech,2019-07-08 15:34:05,dev
12088,systemPages/techItems.ejs,confirmed,tech,2019-07-08 15:34:05,dev
12089,systemPages/manageTechItems.ejs,confirmed,tech,2019-07-08 15:34:05,dev
12090,systemPages/manageTechTopicGroups.ejs,confirmed,tech,2019-07-08 15:34:05,dev
12091,systemPages/manageTechItem.ejs,confirmed,tech,2019-07-08 15:34:05,dev
12092,systemPages/showcasePageState.ejs,confirmed,core,2019-07-08 15:34:05,dev
12093,systemPages/showcaseMobileDevelopment.ejs,confirmed,core,2019-07-08 15:34:05,dev
12094,systemPages/switchSiteMode.ejs,confirmed,core,2019-07-08 15:34:05,dev
12101,dev/111_IMPORT.TXT,confirmed,dev,2019-08-19 15:36:19,dev
12102,dev/ZZZ_IMPORTED.TXT,confirmed,dev,2019-08-19 15:36:19,dev
12103,dev/todo_showcase_jstree.zip,confirmed,ignore,2019-08-19 15:36:19,dev
12105,.vscode/tasks.json,confirmed,ignore,2019-08-19 15:36:19,dev
12107,public/customImages/dpnVersionFeatures/featureShowcaseMobile.png,confirmed,tech,2019-08-19 15:36:19,dev
12108,public/customImages/dpnVersionFeatures/featureMultiItemSearch.png,confirmed,core,2019-08-19 15:36:19,dev
12109,public/customImages/dpnVersionFeatures/featurePageState.png,confirmed,core,2019-08-19 15:36:19,dev
12110,public/customImages/gftasks/baddeomain2.png,confirmed,gf,2019-08-19 15:36:19,dev
12111,public/customImages/dpnVersionFeatures/featureShowcaseSorted.png,confirmed,core,2019-08-19 15:36:19,dev
12112,public/customImages/gftasks/baddomainname.png,confirmed,gf,2019-08-19 15:36:19,dev
12113,public/customImages/gftasks/abgelaufenzert.png,confirmed,gf,2019-08-19 15:36:19,dev
12114,public/customImages/gftasks/cantgefeg.png,confirmed,gf,2019-08-19 15:36:19,dev
12115,public/customImages/gftasks/funcping.png,confirmed,gf,2019-08-19 15:36:19,dev
12116,public/customImages/gftasks/cantForwardAsk.png,confirmed,gf,2019-08-19 15:36:19,dev
12117,public/customImages/gftasks/datastorecdrom.png,confirmed,gf,2019-08-19 15:36:19,dev
12118,public/customImages/gftasks/newMachineNot2019.png,confirmed,gf,2019-08-19 15:36:19,dev
12119,public/customImages/gftasks/transferkitFastLeer.png,confirmed,gf,2019-08-19 15:36:19,dev
12120,public/customImages/gftasks/noexc01.png,confirmed,gf,2019-08-19 15:36:19,dev
12121,public/customImages/gftasks/outlookEinloggen.png,confirmed,gf,2019-08-19 15:36:19,dev
12122,public/systemImages/vid.png,confirmed,tech,2019-08-19 15:36:19,dev
12124,public/customImages/gftasks/trendmicroversion.png,confirmed,gf,2019-08-19 15:36:19,dev
12125,systemControllers/controllerDocumentation.js,confirmed,tech,2019-08-19 15:36:19,dev
12126,public/customImages/testServers/vbaExample.png,confirmed,tech,2019-08-19 15:36:19,dev
12127,systemBuilders/pageBuilderMultiitemSearchPage.js,confirmed,core,2019-08-19 15:36:19,dev
12128,systemControllers/controllerForays.js,confirmed,core,2019-08-19 15:36:19,dev
12129,systemControllers/controllerDpnFaqs.js,confirmed,tech,2019-08-19 15:36:19,dev
12130,systemControllers/controllerHome.js,confirmed,core,2019-08-19 15:36:19,dev
12131,systemControllers/controllerManageDocumentationSection.js,confirmed,tech,2019-08-19 15:36:19,dev
12132,systemControllers/controllerManageDocumentationSections.js,confirmed,tech,2019-08-19 15:36:19,dev
12133,systemControllers/controllerManageDpnFaq.js,confirmed,tech,2019-08-19 15:36:19,dev
12134,systemControllers/controllerManageDpnFaqs.js,confirmed,tech,2019-08-19 15:36:19,dev
12135,systemControllers/controllerManageForays.js,confirmed,core,2019-08-19 15:36:19,dev
12136,systemControllers/controllerManageForay.js,confirmed,core,2019-08-19 15:36:19,dev
12137,systemControllers/controllerManageSiteTodo.js,confirmed,core,2019-08-19 15:36:19,dev
12138,systemControllers/controllerManageSystemText.js,confirmed,core,2019-08-19 15:36:19,dev
12139,systemControllers/controllerManageSiteTodos.js,confirmed,tech,2019-08-19 15:36:19,dev
12140,systemControllers/controllerManageSystemTexts.js,confirmed,core,2019-08-19 15:36:19,dev
12141,systemControllers/controllerShowcaseLoadDataWithPromises.js,confirmed,core,2019-08-19 15:36:19,dev
12142,systemControllers/controllerSiteTodos.js,confirmed,tech,2019-08-19 15:36:19,dev
12143,systemControllers/controllerShowcaseES6MapFunction.js,confirmed,core,2019-08-19 15:36:19,dev
12144,systemControllers/controllerTechReview.js,confirmed,core,2019-08-19 15:36:19,dev
12145,systemFileTemplates/fileTemplate_newControllerHomeForTech.txt,confirmed,core,2019-08-19 15:36:19,dev
12146,systemFileTemplates/fileTemplate_newControllerHomeForGf.txt,confirmed,core,2019-08-19 15:36:19,dev
12147,systemFileTemplates/fileTemplate_newControllerMultiitemSearchPage.txt,confirmed,core,2019-08-19 15:36:19,dev
12148,systemFileTemplates/fileTemplate_newPageMultiitemSearchPage.txt,confirmed,core,2019-08-19 15:36:19,dev
12149,systemFileTemplates/fileTemplate_newPageHomeForTech.txt,confirmed,gf,2019-08-19 15:36:19,dev
12150,systemBuilders/pageBuilderSimpleData.js,confirmed,core,2019-08-19 15:36:19,dev
12151,systemControllers/controllerShowcaseEs6Promise.js,confirmed,core,2019-08-19 15:36:19,dev
12152,systemFileTemplates/fileTemplate_newControllerSimpleData.txt,confirmed,core,2019-08-19 15:36:19,dev
12153,systemFileTemplates/fileTemplate_newPageSimpleData.txt,confirmed,core,2019-08-19 15:36:19,dev
12154,systemItems/documentationSections.js,confirmed,tech,2019-08-19 15:36:19,dev
12155,systemItems/documentationSection.js,confirmed,tech,2019-08-19 15:36:19,dev
12156,systemItems/dpnFaq.js,confirmed,tech,2019-08-19 15:36:19,dev
12157,systemItems/forays.js,confirmed,core,2019-08-19 15:36:19,dev
12158,systemItems/dpnFaqs.js,confirmed,tech,2019-08-19 15:36:19,dev
12159,systemItems/siteTodo.js,confirmed,core,2019-08-19 15:36:19,dev
12160,systemItems/siteTodos.js,confirmed,tech,2019-08-19 15:36:19,dev
12161,systemPages/documentation.ejs,confirmed,tech,2019-08-19 15:36:19,dev
12162,systemItems/systemText.js,confirmed,core,2019-08-19 15:36:19,dev
12163,systemItems/systemTexts.js,confirmed,core,2019-08-19 15:36:19,dev
12164,systemPages/dpnFaqs.ejs,confirmed,tech,2019-08-19 15:36:19,dev
12165,systemPages/manageDocumentationSections.ejs,confirmed,tech,2019-08-19 15:36:19,dev
12166,systemPages/manageDocumentationSection.ejs,confirmed,tech,2019-08-19 15:36:19,dev
12167,systemPages/forays.ejs,confirmed,core,2019-08-19 15:36:19,dev
12168,systemPages/manageDpnFaqs.ejs,confirmed,tech,2019-08-19 15:36:19,dev
12169,systemPages/manageForay.ejs,confirmed,core,2019-08-19 15:36:19,dev
12170,systemPages/manageForays.ejs,confirmed,core,2019-08-19 15:36:19,dev
12171,systemPages/manageDpnFaq.ejs,confirmed,tech,2019-08-19 15:36:19,dev
12172,systemPages/manageSiteTodos.ejs,confirmed,tech,2019-08-19 15:36:19,dev
12173,systemFileTemplates/fileTemplate_newPageHomeForGf.txt,confirmed,gf,2019-08-19 15:36:19,dev
12174,systemItems/foray.js,confirmed,core,2019-08-19 15:36:19,dev
12175,systemPages/manageSystemTexts.ejs,confirmed,core,2019-08-19 15:36:19,dev
12176,systemPages/manageSiteTodo.ejs,confirmed,core,2019-08-19 15:36:19,dev
12177,systemPages/manageSystemText.ejs,confirmed,core,2019-08-19 15:36:19,dev
12178,systemPages/showcaseES6MapFunction.ejs,confirmed,core,2019-08-19 15:36:19,dev
12179,systemPages/showcaseEs6Promise.ejs,confirmed,core,2019-08-19 15:36:19,dev
12180,systemPages/showcaseLoadDataWithPromises.ejs,confirmed,core,2019-08-19 15:36:19,dev
12181,systemPages/siteTodos.ejs,confirmed,tech,2019-08-19 15:36:19,dev
12182,systemPages/techReview.ejs,confirmed,core,2019-08-19 15:36:19,dev
12183,public/customImages/dpnVersionFeatures/featureshowcasePageState2.png,confirmed,tech,2019-08-19 15:36:19,dev
12184,dev/todo_showcase_jstreeCdn.zip,confirmed,ignore,2019-08-19 15:36:19,dev
12185,public/customImages/dpnVersionFeatures/createPageSimpleData.png,confirmed,tech,2019-08-19 15:36:19,dev
13308,dev/next_version/home_controller.txt,confirmed,dev,2019-09-10 13:08:16,dev
13309,dev/next_version/home_view.txt,confirmed,dev,2019-09-10 13:08:16,dev
13310,public/customImages/dpnVersionFeatures/featureRegexParser.png,confirmed,tech,2019-09-10 13:08:16,dev
13311,public/customImages/dpnVersionFeatures/improvedSearchDisplayCreatePage.png,confirmed,tech,2019-09-10 13:08:16,dev
13312,public/customImages/dpnVersionFeatures/featureOutlineButton.png,confirmed,tech,2019-09-10 13:08:16,dev
13313,public/customImages/gftasks/cantfindSqlExpress.png,confirmed,tech,2019-09-10 13:08:16,dev
13314,public/customImages/dpnVersionFeatures/optionsOnCreatePageImproved.png,confirmed,tech,2019-09-10 13:08:16,dev
13315,public/customImages/gftasks/backupUsbSynology.png,confirmed,gf,2019-09-10 13:08:16,dev
13316,public/customImages/dpnVersionFeatures/remappingCodesForBatchItems.png,confirmed,gf,2019-09-10 13:08:16,dev
13317,public/customImages/gftasks/howToSetUpCalendar.png,confirmed,gf,2019-09-10 13:08:16,dev
13318,public/customImages/gftasks/digitalboxin.png,confirmed,gf,2019-09-10 13:08:16,dev
13319,public/customImages/gftasks/gefegact.png,confirmed,gf,2019-09-10 13:08:16,dev
13320,public/customImages/gftasks/instrucForMacAddress.png,confirmed,gf,2019-09-10 13:08:16,dev
13321,public/customImages/gftasks/gefegbackup10areas.png,confirmed,gf,2019-09-10 13:08:16,dev
13322,public/customImages/gftasks/informationGiveOut.png,confirmed,gf,2019-09-10 13:08:16,dev
13323,public/customImages/gftasks/netwerkAusgeschaltet.png,confirmed,gf,2019-09-10 13:08:16,dev
13324,public/customImages/gftasks/nobitlocker.png,confirmed,gf,2019-09-10 13:08:16,dev
13325,public/customImages/gftasks/nowcantgettheserver.png,confirmed,gf,2019-09-10 13:08:16,dev
13326,public/customImages/gftasks/oneNoteInstallProblem.png,confirmed,gf,2019-09-10 13:08:16,dev
13327,public/customImages/gftasks/nownotnot.png,confirmed,gf,2019-09-10 13:08:16,dev
13328,public/customImages/gftasks/nowhaveurlrewrite.png,confirmed,gf,2019-09-10 13:08:16,dev
13329,public/customImages/gftasks/rj11andrj12.png,confirmed,gf,2019-09-10 13:08:16,dev
13330,public/customImages/gftasks/serverHeaderFixed.png,confirmed,gf,2019-09-10 13:08:16,dev
13331,public/customImages/gftasks/secondsqlserverexpresserrorr.png,confirmed,gf,2019-09-10 13:08:16,dev
13332,public/customImages/gftasks/page38harden.png,confirmed,gf,2019-09-10 13:08:16,dev
13333,public/customImages/gftasks/thegefegactivation.png,confirmed,gf,2019-09-10 13:08:16,dev
13334,public/customImages/gftasks/setupRegelForServerIis.png,confirmed,gf,2019-09-10 13:08:16,dev
13335,public/customImages/gftasks/similarsqlerror.png,confirmed,gf,2019-09-10 13:08:16,dev
13336,public/customImages/gftasks/thegefegsales.png,confirmed,gf,2019-09-10 13:08:16,dev
13337,public/customImages/gftasks/thenewmachint.png,confirmed,gf,2019-09-10 13:08:16,dev
13338,public/customImages/gftasks/thesqlserverexpressok.png,confirmed,gf,2019-09-10 13:08:16,dev
13339,public/customImages/gftasks/theiptelephonenumbers.png,confirmed,gf,2019-09-10 13:08:16,dev
13340,public/customImages/gftasks/theSophosErrorDownload.png,confirmed,gf,2019-09-10 13:08:16,dev
13341,public/customImages/howtos/hypercam1.png,confirmed,tech,2019-09-10 13:08:16,dev
13342,public/customImages/gftasks/usbsynology.png,confirmed,gf,2019-09-10 13:08:16,dev
13343,public/customImages/gftasks/xpoweredTakenOut.png,confirmed,gf,2019-09-10 13:08:16,dev
13344,public/customImages/gftasks/undgefegnacthad.png,confirmed,gf,2019-09-10 13:08:16,dev
13345,systemControllers/controllerLearnSpellParser.js,confirmed,core,2019-09-10 13:08:16,dev
13346,systemBuilders/pageBuilderScreenScraping.js,confirmed,core,2019-09-10 13:08:16,dev
13347,systemClasses/regexParser.js,confirmed,core,2019-09-10 13:08:16,dev
13348,public/customImages/howtos/pintotaskbardebrowse.png,confirmed,tech,2019-09-10 13:08:16,dev
13349,systemControllers/controllerShowcaseLoadFromMultipleDataSources.js,confirmed,core,2019-09-10 13:08:16,dev
13350,systemControllers/controllerShowcaseRegex.js,confirmed,core,2019-09-10 13:08:16,dev
13351,systemControllers/controllerShowcaseRegexParser.js,confirmed,core,2019-09-10 13:08:16,dev
13352,systemControllers/controllerShowcaseLoadDataWithMultiplePromises.js,confirmed,core,2019-09-10 13:08:16,dev
13353,systemControllers/controllerShowcaseTypeScript.js,confirmed,core,2019-09-10 13:08:16,dev
13354,systemControllers/controllerShowcaseScreenScraping.js,confirmed,core,2019-09-10 13:08:16,dev
13355,systemControllers/controllerShowcaseSliders.js,confirmed,core,2019-09-10 13:08:16,dev
13356,systemFileTemplates/fileTemplate_newControllerScreenScraping.txt,confirmed,core,2019-09-10 13:08:16,dev
13357,systemFileTemplates/fileTemplate_newPageScreenScraping.txt,confirmed,core,2019-09-10 13:08:16,dev
13358,systemPages/showcaseLoadFromMultipleDataSources.ejs,confirmed,core,2019-09-10 13:08:16,dev
13359,systemPages/learnSpellParser.ejs,confirmed,core,2019-09-10 13:08:16,dev
13360,systemPages/showcaseSliders.ejs,confirmed,core,2019-09-10 13:08:16,dev
13361,systemPages/showcaseLoadDataWithMultiplePromises.ejs,confirmed,core,2019-09-10 13:08:16,dev
13362,systemPages/showcaseRegex.ejs,confirmed,core,2019-09-10 13:08:16,dev
13363,systemPages/showcaseRegexParser.ejs,confirmed,core,2019-09-10 13:08:16,dev
13364,systemPages/showcaseScreenScraping.ejs,confirmed,core,2019-09-10 13:08:16,dev
13365,typeScript/systemControllers/controller.ts,confirmed,dev,2019-09-10 13:08:16,dev
13366,typeScript/systemControllers/controllerShowcaseTypeScript.ts,confirmed,dev,2019-09-10 13:08:16,dev
13367,systemPages/showcaseTypeScript.ejs,confirmed,core,2019-09-10 13:08:16,dev
13368,public/customImages/dpnVersionFeatures/createPageScreenScraping3.png,confirmed,tech,2019-09-10 13:08:16,dev
13369,public/customImages/dpnVersionFeatures/createPageScreenScraping.png,confirmed,tech,2019-09-10 13:08:16,dev
13370,public/customImages/dpnVersionFeatures/featureCreatePageReorganized.png,confirmed,tech,2019-09-10 13:08:16,dev
